index;Name;Type;Embossing;Code;Type;Surface;Full name;Repository links;Full texture link;Thumb link
0;Brown Kansas Oak;0;H;1113;PAL;ST10;PAL_H1113_ST10;https://cdn.artcharm.md/imagini/texturi/pal/;https://cdn.artcharm.md/imagini/texturi/pal/PAL_H1113_ST10.jpg;https://cdn.artcharm.md/imagini/butontextura/pal/PAL_H1113_ST10_thumb.jpg
1;Natural Sheffield Acacia;0;H;1242;PAL;ST10;PAL_H1242_ST10;https://cdn.artcharm.md/imagini/butontextura/pal/;https://cdn.artcharm.md/imagini/texturi/pal/PAL_H1242_ST10.jpg;https://cdn.artcharm.md/imagini/butontextura/pal/PAL_H1242_ST10_thumb.jpg
2;Truffle Brown Denver Oak;0;H;1399;PAL;ST10;PAL_H1399_ST10;;https://cdn.artcharm.md/imagini/texturi/pal/PAL_H1399_ST10.jpg;https://cdn.artcharm.md/imagini/butontextura/pal/PAL_H1399_ST10_thumb.jpg
3;Parona Walnut;0;H;1715;PAL;ST12;PAL_H1715_ST12;;https://cdn.artcharm.md/imagini/texturi/pal/PAL_H1715_ST12.jpg;https://cdn.artcharm.md/imagini/butontextura/pal/PAL_H1715_ST12_thumb.jpg
4;Natural Tonsberg Oak;0;H;305;PAL;ST12;PAL_H305_ST12;;https://cdn.artcharm.md/imagini/texturi/pal/PAL_H305_ST12.jpg;https://cdn.artcharm.md/imagini/butontextura/pal/PAL_H305_ST12_thumb.jpg
5;Brown Tonsberg Oak;0;H;309;PAL;ST12;PAL_H309_ST12;;https://cdn.artcharm.md/imagini/texturi/pal/PAL_H309_ST12.jpg;https://cdn.artcharm.md/imagini/butontextura/pal/PAL_H309_ST12_thumb.jpg
6;Truffle Brown Davos Oak;0;H;3133;PAL;ST12;PAL_H3133_ST12;;https://cdn.artcharm.md/imagini/texturi/pal/PAL_H3133_ST12.jpg;https://cdn.artcharm.md/imagini/butontextura/pal/PAL_H3133_ST12_thumb.jpg
7;Natural Kendal Oak;0;H;3170;PAL;ST12;PAL_H3170_ST12;;https://cdn.artcharm.md/imagini/texturi/pal/PAL_H3170_ST12.jpg;https://cdn.artcharm.md/imagini/butontextura/pal/PAL_H3170_ST12_thumb.jpg
8;Natural Hickory;0;H;3730;PAL;ST10;PAL_H3730_ST10;;https://cdn.artcharm.md/imagini/texturi/pal/PAL_H3730_ST10.jpg;https://cdn.artcharm.md/imagini/butontextura/pal/PAL_H3730_ST10_thumb.jpg
9;Vicenza Oak;0;H;3157;PAL;ST12;PAL_H3157_ST12;;https://cdn.artcharm.md/imagini/texturi/pal/PAL_H3157_ST12.jpg;https://cdn.artcharm.md/imagini/butontextura/pal/PAL_H3157_ST12_thumb.jpg
10;Crystal Marble;0;F;800;PAL;ST9;PAL_F800_ST9;;https://cdn.artcharm.md/imagini/texturi/pal/PAL_F800_ST9.jpg;https://cdn.artcharm.md/imagini/butontextura/pal/PAL_F800_ST9_thumb.jpg
11;Black Pietra Grigia;0;F;206;PAL;ST9;PAL_F206_ST9;;https://cdn.artcharm.md/imagini/texturi/pal/PAL_F206_ST9.jpg;https://cdn.artcharm.md/imagini/butontextura/pal/PAL_F206_ST9_thumb.jpg
12;Light Grey Chicago Concrete;0;F;186;PAL;ST9;PAL_F186_ST9;;https://cdn.artcharm.md/imagini/texturi/pal/PAL_F186_ST9.jpg;https://cdn.artcharm.md/imagini/butontextura/pal/PAL_F186_ST9_thumb.jpg
13;Dark Grey Chicago Concrete;0;F;187;PAL;ST9;PAL_F187_ST9;;https://cdn.artcharm.md/imagini/texturi/pal/PAL_F187_ST9.jpg;https://cdn.artcharm.md/imagini/butontextura/pal/PAL_F187_ST9_thumb.jpg
14;Brown Warmia Walnut;0;H;307;PAL;ST12;PAL_H307_ST12;;https://cdn.artcharm.md/imagini/texturi/pal/PAL_H307_ST12.jpg;https://cdn.artcharm.md/imagini/butontextura/pal/PAL_H307_ST12_thumb.jpg
15;Natural Carini Walnut;0;H;3710;PAL;ST12;PAL_H3710_ST12;;https://cdn.artcharm.md/imagini/texturi/pal/PAL_H3710_ST12.jpg;https://cdn.artcharm.md/imagini/butontextura/pal/PAL_H3710_ST12_thumb.jpg
16;Natural Pacific Walnut;0;H;3700;PAL;ST10;PAL_H3700_ST10;;https://cdn.artcharm.md/imagini/texturi/pal/PAL_H3700_ST10.jpg;https://cdn.artcharm.md/imagini/butontextura/pal/PAL_H3700_ST10_thumb.jpg
17;Grey Corbridge Oak;0;H;3156;PAL;ST12;PAL_H3156_ST12;;https://cdn.artcharm.md/imagini/texturi/pal/PAL_H3156_ST12.jpg;https://cdn.artcharm.md/imagini/butontextura/pal/PAL_H3156_ST12_thumb.jpg
18;Alpine White;1;W;1100;PAL;ST9;PAL_W1100_ST9;;https://cdn.artcharm.md/imagini/butontextura/pal/PAL_W1100_ST9_thumb.jpg;https://cdn.artcharm.md/imagini/butontextura/pal/PAL_W1100_ST9_thumb.jpg
19;Sand Beige;1;U;156;PAL;ST9;PAL_U156_ST9;;https://cdn.artcharm.md/imagini/butontextura/pal/PAL_U156_ST9_thumb.jpg;https://cdn.artcharm.md/imagini/butontextura/pal/PAL_U156_ST9_thumb.jpg
20;Cashmere Grey;1;U;702;PAL;ST9;PAL_U702_ST9;;https://cdn.artcharm.md/imagini/butontextura/pal/PAL_U702_ST9_thumb.jpg;https://cdn.artcharm.md/imagini/butontextura/pal/PAL_U702_ST9_thumb.jpg
21;Stone Grey;1;U;727;PAL;ST9;PAL_U727_ST9;;https://cdn.artcharm.md/imagini/butontextura/pal/PAL_U727_ST9_thumb.jpg;https://cdn.artcharm.md/imagini/butontextura/pal/PAL_U727_ST9_thumb.jpg
22;Pearl Grey;1;U;763;PAL;ST9;PAL_U763_ST9;;https://cdn.artcharm.md/imagini/butontextura/pal/PAL_U763_ST9_thumb.jpg;https://cdn.artcharm.md/imagini/butontextura/pal/PAL_U763_ST9_thumb.jpg
23;Dust Grey;1;U;732;PAL;ST9;PAL_U732_ST9;;https://cdn.artcharm.md/imagini/butontextura/pal/PAL_U732_ST9_thumb.jpg;https://cdn.artcharm.md/imagini/butontextura/pal/PAL_U732_ST9_thumb.jpg
24;Onyx Grey;1;U;960;PAL;ST9;PAL_U960_ST9;;https://cdn.artcharm.md/imagini/butontextura/pal/PAL_U960_ST9_thumb.jpg;https://cdn.artcharm.md/imagini/butontextura/pal/PAL_U960_ST9_thumb.jpg
25;Cubanit Grey;1;U;767;PAL;ST9;PAL_U767_ST9;;https://cdn.artcharm.md/imagini/butontextura/pal/PAL_U767_ST9_thumb.jpg;https://cdn.artcharm.md/imagini/butontextura/pal/PAL_U767_ST9_thumb.jpg
26;Fjord Green;1;U;636;PAL;ST9;PAL_U636_ST9;;https://cdn.artcharm.md/imagini/butontextura/pal/PAL_U636_ST9_thumb.jpg;https://cdn.artcharm.md/imagini/butontextura/pal/PAL_U636_ST9_thumb.jpg
27;Monument Grey;1;U;780;PAL;ST9;PAL_U780_ST9;;https://cdn.artcharm.md/imagini/butontextura/pal/PAL_U780_ST9_thumb.jpg;https://cdn.artcharm.md/imagini/butontextura/pal/PAL_U780_ST9_thumb.jpg
28;Antique Rose;1;U;325;PAL;ST9;PAL_U325_ST9;;https://cdn.artcharm.md/imagini/butontextura/pal/PAL_U325_ST9_thumb.jpg;https://cdn.artcharm.md/imagini/butontextura/pal/PAL_U325_ST9_thumb.jpg
29;Alb;2;I;;;;PAL 8681 SM;;https://cdn.artcharm.md/imagini/butontextura/pal/PAL_W1100_ST9_thumb.jpg;https://cdn.artcharm.md/imagini/butontextura/pal/PAL_W1100_ST9_thumb.jpg
30;Gri rece;2;I;;;;PAL 0191 SU;;https://cdn.artcharm.md/imagini/butontextura/pal/PAL_U763_ST9_thumb.jpg;https://cdn.artcharm.md/imagini/butontextura/pal/PAL_U763_ST9_thumb.jpg
31;Satin;2;I;;;;PAL 7045 SU;;https://cdn.artcharm.md/imagini/butontextura/pal/PAL_U156_ST9_thumb.jpg;https://cdn.artcharm.md/imagini/butontextura/pal/PAL_U156_ST9_thumb.jpg
32;Basalt;2;I;;;;PAL 0166 BS;;https://cdn.artcharm.md/imagini/butontextura/pal/PAL_U899_ST9_thumb.jpg;https://cdn.artcharm.md/imagini/butontextura/pal/PAL_U899_ST9_thumb.jpg
33;Soft Black;1;U;899;PAL;ST9;PAL_U899_ST9;;https://cdn.artcharm.md/imagini/butontextura/pal/PAL_U899_ST9_thumb.jpg;https://cdn.artcharm.md/imagini/butontextura/pal/PAL_U899_ST9_thumb.jpg
