index;Name;Type;Embossing;Code;Type;Surface;Full_name;Repository_links;Full_texture_link;Thumb_link
0;Brown_Kansas_Oak;0;H;1113;PAL;ST10;PAL_H1113_ST10;https://cdn.artcharm.md/imagini/texturi/pal/;https://cdn.artcharm.md/imagini/texturi/pal/PAL_H1113_ST10.jpg;https://cdn.artcharm.md/imagini/butontextura/pal/PAL_H1113_ST10_thumb.jpg
1;Natural_Sheffield_Acacia;0;H;1242;PAL;ST10;PAL_H1242_ST10;https://cdn.artcharm.md/imagini/butontextura/pal/;https://cdn.artcharm.md/imagini/texturi/pal/PAL_H1242_ST10.jpg;https://cdn.artcharm.md/imagini/butontextura/pal/PAL_H1242_ST10_thumb.jpg
2;Truffle_Brown_Denver_Oak;0;H;1399;PAL;ST10;PAL_H1399_ST10;;https://cdn.artcharm.md/imagini/texturi/pal/PAL_H1399_ST10.jpg;https://cdn.artcharm.md/imagini/butontextura/pal/PAL_H1399_ST10_thumb.jpg
3;Parona_Walnut;0;H;1715;PAL;ST12;PAL_H1715_ST12;;https://cdn.artcharm.md/imagini/texturi/pal/PAL_H1715_ST12.jpg;https://cdn.artcharm.md/imagini/butontextura/pal/PAL_H1715_ST12_thumb.jpg
4;Natural_Tonsberg_Oak;0;H;305;PAL;ST12;PAL_H305_ST12;;https://cdn.artcharm.md/imagini/texturi/pal/PAL_H305_ST12.jpg;https://cdn.artcharm.md/imagini/butontextura/pal/PAL_H305_ST12_thumb.jpg
5;Brown_Tonsberg_Oak;0;H;309;PAL;ST12;PAL_H309_ST12;;https://cdn.artcharm.md/imagini/texturi/pal/PAL_H309_ST12.jpg;https://cdn.artcharm.md/imagini/butontextura/pal/PAL_H309_ST12_thumb.jpg
6;Truffle_Brown_Davos_Oak;0;H;3133;PAL;ST12;PAL_H3133_ST12;;https://cdn.artcharm.md/imagini/texturi/pal/PAL_H3133_ST12.jpg;https://cdn.artcharm.md/imagini/butontextura/pal/PAL_H3133_ST12_thumb.jpg
7;Natural_Kendal_Oak;0;H;3170;PAL;ST12;PAL_H3170_ST12;;https://cdn.artcharm.md/imagini/texturi/pal/PAL_H3170_ST12.jpg;https://cdn.artcharm.md/imagini/butontextura/pal/PAL_H3170_ST12_thumb.jpg
8;Natural_Hickory;0;H;3730;PAL;ST10;PAL_H3730_ST10;;https://cdn.artcharm.md/imagini/texturi/pal/PAL_H3730_ST10.jpg;https://cdn.artcharm.md/imagini/butontextura/pal/PAL_H3730_ST10_thumb.jpg
9;Vicenza_Oak;0;H;3157;PAL;ST12;PAL_H3157_ST12;;https://cdn.artcharm.md/imagini/texturi/pal/PAL_H3157_ST12.jpg;https://cdn.artcharm.md/imagini/butontextura/pal/PAL_H3157_ST12_thumb.jpg
10;Crystal_Marble;0;F;800;PAL;ST9;PAL_F800_ST9;;https://cdn.artcharm.md/imagini/texturi/pal/PAL_F800_ST9.jpg;https://cdn.artcharm.md/imagini/butontextura/pal/PAL_F800_ST9_thumb.jpg
11;Black_Pietra_Grigia;0;F;206;PAL;ST9;PAL_F206_ST9;;https://cdn.artcharm.md/imagini/texturi/pal/PAL_F206_ST9.jpg;https://cdn.artcharm.md/imagini/butontextura/pal/PAL_F206_ST9_thumb.jpg
12;Light_Grey_Chicago_Concrete;0;F;186;PAL;ST9;PAL_F186_ST9;;https://cdn.artcharm.md/imagini/texturi/pal/PAL_F186_ST9.jpg;https://cdn.artcharm.md/imagini/butontextura/pal/PAL_F186_ST9_thumb.jpg
13;Dark_Grey_Chicago_Concrete;0;F;187;PAL;ST9;PAL_F187_ST9;;https://cdn.artcharm.md/imagini/texturi/pal/PAL_F187_ST9.jpg;https://cdn.artcharm.md/imagini/butontextura/pal/PAL_F187_ST9_thumb.jpg
14;Brown_Warmia_Walnut;0;H;307;PAL;ST12;PAL_H307_ST12;;https://cdn.artcharm.md/imagini/texturi/pal/PAL_H307_ST12.jpg;https://cdn.artcharm.md/imagini/butontextura/pal/PAL_H307_ST12_thumb.jpg
15;Natural_Carini_Walnut;0;H;3710;PAL;ST12;PAL_H3710_ST12;;https://cdn.artcharm.md/imagini/texturi/pal/PAL_H3710_ST12.jpg;https://cdn.artcharm.md/imagini/butontextura/pal/PAL_H3710_ST12_thumb.jpg
16;Natural_Pacific_Walnut;0;H;3700;PAL;ST10;PAL_H3700_ST10;;https://cdn.artcharm.md/imagini/texturi/pal/PAL_H3700_ST10.jpg;https://cdn.artcharm.md/imagini/butontextura/pal/PAL_H3700_ST10_thumb.jpg
17;Grey_Corbridge_Oak;0;H;3156;PAL;ST12;PAL_H3156_ST12;;https://cdn.artcharm.md/imagini/texturi/pal/PAL_H3156_ST12.jpg;https://cdn.artcharm.md/imagini/butontextura/pal/PAL_H3156_ST12_thumb.jpg
18;Alpine_White;1;W;1100;PAL;ST9;PAL_W1100_ST9;;https://cdn.artcharm.md/imagini/butontextura/pal/PAL_W1100_ST9_thumb.jpg;https://cdn.artcharm.md/imagini/butontextura/pal/PAL_W1100_ST9_thumb.jpg
19;Sand_Beige;1;U;156;PAL;ST9;PAL_U156_ST9;;https://cdn.artcharm.md/imagini/butontextura/pal/PAL_U156_ST9_thumb.jpg;https://cdn.artcharm.md/imagini/butontextura/pal/PAL_U156_ST9_thumb.jpg
20;Cashmere_Grey;1;U;702;PAL;ST9;PAL_U702_ST9;;https://cdn.artcharm.md/imagini/butontextura/pal/PAL_U702_ST9_thumb.jpg;https://cdn.artcharm.md/imagini/butontextura/pal/PAL_U702_ST9_thumb.jpg
21;Stone_Grey;1;U;727;PAL;ST9;PAL_U727_ST9;;https://cdn.artcharm.md/imagini/butontextura/pal/PAL_U727_ST9_thumb.jpg;https://cdn.artcharm.md/imagini/butontextura/pal/PAL_U727_ST9_thumb.jpg
22;Pearl_Grey;1;U;763;PAL;ST9;PAL_U763_ST9;;https://cdn.artcharm.md/imagini/butontextura/pal/PAL_U763_ST9_thumb.jpg;https://cdn.artcharm.md/imagini/butontextura/pal/PAL_U763_ST9_thumb.jpg
23;Dust_Grey;1;U;732;PAL;ST9;PAL_U732_ST9;;https://cdn.artcharm.md/imagini/butontextura/pal/PAL_U732_ST9_thumb.jpg;https://cdn.artcharm.md/imagini/butontextura/pal/PAL_U732_ST9_thumb.jpg
24;Onyx_Grey;1;U;960;PAL;ST9;PAL_U960_ST9;;https://cdn.artcharm.md/imagini/butontextura/pal/PAL_U960_ST9_thumb.jpg;https://cdn.artcharm.md/imagini/butontextura/pal/PAL_U960_ST9_thumb.jpg
25;Cubanit_Grey;1;U;767;PAL;ST9;PAL_U767_ST9;;https://cdn.artcharm.md/imagini/butontextura/pal/PAL_U767_ST9_thumb.jpg;https://cdn.artcharm.md/imagini/butontextura/pal/PAL_U767_ST9_thumb.jpg
26;Fjord_Green;1;U;636;PAL;ST9;PAL_U636_ST9;;https://cdn.artcharm.md/imagini/butontextura/pal/PAL_U636_ST9_thumb.jpg;https://cdn.artcharm.md/imagini/butontextura/pal/PAL_U636_ST9_thumb.jpg
27;Monument_Grey;1;U;780;PAL;ST9;PAL_U780_ST9;;https://cdn.artcharm.md/imagini/butontextura/pal/PAL_U780_ST9_thumb.jpg;https://cdn.artcharm.md/imagini/butontextura/pal/PAL_U780_ST9_thumb.jpg
28;Antique_Rose;1;U;325;PAL;ST9;PAL_U325_ST9;;https://cdn.artcharm.md/imagini/butontextura/pal/PAL_U325_ST9_thumb.jpg;https://cdn.artcharm.md/imagini/butontextura/pal/PAL_U325_ST9_thumb.jpg
29;Alb;2;I;;PAL;ST9;PAL_8681_SM;;https://cdn.artcharm.md/imagini/butontextura/pal/PAL_W1100_ST9_thumb.jpg;https://cdn.artcharm.md/imagini/butontextura/pal/PAL_W1100_ST9_thumb.jpg
30;Gri_rece;2;I;;PAL;ST9;PAL_0191_SU;;https://cdn.artcharm.md/imagini/butontextura/pal/PAL_U763_ST9_thumb.jpg;https://cdn.artcharm.md/imagini/butontextura/pal/PAL_U763_ST9_thumb.jpg
31;Satin;2;I;;PAL;ST9;PAL_7045_SU;;https://cdn.artcharm.md/imagini/butontextura/pal/PAL_U156_ST9_thumb.jpg;https://cdn.artcharm.md/imagini/butontextura/pal/PAL_U156_ST9_thumb.jpg
32;Basalt;2;I;;PAL;ST9;PAL_0166_BS;;https://cdn.artcharm.md/imagini/butontextura/pal/PAL_U899_ST9_thumb.jpg;https://cdn.artcharm.md/imagini/butontextura/pal/PAL_U899_ST9_thumb.jpg
33;Soft_Black;1;U;899;PAL;ST9;PAL_U899_ST9;;https://cdn.artcharm.md/imagini/butontextura/pal/PAL_U899_ST9_thumb.jpg;https://cdn.artcharm.md/imagini/butontextura/pal/PAL_U899_ST9_thumb.jpg
